"Block Group","State","FIPS Code","Formatted FIPS","Estimated number of families, between 2015-2019."
"421010001001","PA","421010001001","=""421010001001""","257"
"421010001002","PA","421010001002","=""421010001002""","496"
"421010002001","PA","421010002001","=""421010002001""","503"
"421010003001","PA","421010003001","=""421010003001""","110"
"421010003002","PA","421010003002","=""421010003002""","478"
"421010004011","PA","421010004011","=""421010004011""","437"
"421010004021","PA","421010004021","=""421010004021""","288"
"421010004022","PA","421010004022","=""421010004022""","384"
"421010005001","PA","421010005001","=""421010005001""","158"
"421010006001","PA","421010006001","=""421010006001""","141"
"421010007001","PA","421010007001","=""421010007001""","100"
"421010007002","PA","421010007002","=""421010007002""","197"
"421010007003","PA","421010007003","=""421010007003""","135"
"421010008011","PA","421010008011","=""421010008011""","258"
"421010008031","PA","421010008031","=""421010008031""","77"
"421010008032","PA","421010008032","=""421010008032""","158"
"421010008033","PA","421010008033","=""421010008033""","62"
"421010008034","PA","421010008034","=""421010008034""","121"
"421010008041","PA","421010008041","=""421010008041""","581"
"421010008042","PA","421010008042","=""421010008042""","315"
"421010008043","PA","421010008043","=""421010008043""","113"
"421010009011","PA","421010009011","=""421010009011""","155"
"421010009012","PA","421010009012","=""421010009012""","50"
"421010009021","PA","421010009021","=""421010009021""","270"
"421010009022","PA","421010009022","=""421010009022""","153"
"421010010011","PA","421010010011","=""421010010011""","418"
"421010010012","PA","421010010012","=""421010010012""","223"
"421010010021","PA","421010010021","=""421010010021""","370"
"421010010022","PA","421010010022","=""421010010022""","202"
"421010010023","PA","421010010023","=""421010010023""","216"
"421010011011","PA","421010011011","=""421010011011""","96"
"421010011012","PA","421010011012","=""421010011012""","63"
"421010011013","PA","421010011013","=""421010011013""","127"
"421010011014","PA","421010011014","=""421010011014""","113"
"421010011021","PA","421010011021","=""421010011021""","151"
"421010011022","PA","421010011022","=""421010011022""","244"
"421010012011","PA","421010012011","=""421010012011""","248"
"421010012012","PA","421010012012","=""421010012012""","160"
"421010012013","PA","421010012013","=""421010012013""","198"
"421010012014","PA","421010012014","=""421010012014""","191"
"421010012021","PA","421010012021","=""421010012021""","296"
"421010012022","PA","421010012022","=""421010012022""","126"
"421010012023","PA","421010012023","=""421010012023""","175"
"421010012024","PA","421010012024","=""421010012024""","165"
"421010012025","PA","421010012025","=""421010012025""","132"
"421010013001","PA","421010013001","=""421010013001""","65"
"421010013002","PA","421010013002","=""421010013002""","152"
"421010013003","PA","421010013003","=""421010013003""","33"
"421010013004","PA","421010013004","=""421010013004""","201"
"421010013005","PA","421010013005","=""421010013005""","942"
"421010014001","PA","421010014001","=""421010014001""","283"
"421010014002","PA","421010014002","=""421010014002""","77"
"421010014003","PA","421010014003","=""421010014003""","360"
"421010015001","PA","421010015001","=""421010015001""","164"
"421010015002","PA","421010015002","=""421010015002""","450"
"421010016001","PA","421010016001","=""421010016001""","187"
"421010016002","PA","421010016002","=""421010016002""","299"
"421010017001","PA","421010017001","=""421010017001""","292"
"421010017002","PA","421010017002","=""421010017002""","454"
"421010018001","PA","421010018001","=""421010018001""","216"
"421010018002","PA","421010018002","=""421010018002""","398"
"421010019001","PA","421010019001","=""421010019001""","208"
"421010019002","PA","421010019002","=""421010019002""","385"
"421010019003","PA","421010019003","=""421010019003""","219"
"421010020001","PA","421010020001","=""421010020001""","231"
"421010020002","PA","421010020002","=""421010020002""","117"
"421010021001","PA","421010021001","=""421010021001""","101"
"421010021002","PA","421010021002","=""421010021002""","335"
"421010022001","PA","421010022001","=""421010022001""","57"
"421010022002","PA","421010022002","=""421010022002""","119"
"421010022003","PA","421010022003","=""421010022003""","177"
"421010023001","PA","421010023001","=""421010023001""","206"
"421010023002","PA","421010023002","=""421010023002""","434"
"421010024001","PA","421010024001","=""421010024001""","170"
"421010024002","PA","421010024002","=""421010024002""","284"
"421010024003","PA","421010024003","=""421010024003""","207"
"421010024004","PA","421010024004","=""421010024004""","121"
"421010024005","PA","421010024005","=""421010024005""","202"
"421010025001","PA","421010025001","=""421010025001""","303"
"421010025002","PA","421010025002","=""421010025002""","201"
"421010025003","PA","421010025003","=""421010025003""","130"
"421010025004","PA","421010025004","=""421010025004""","296"
"421010027011","PA","421010027011","=""421010027011""","219"
"421010027012","PA","421010027012","=""421010027012""","176"
"421010027013","PA","421010027013","=""421010027013""","339"
"421010027021","PA","421010027021","=""421010027021""","270"
"421010027022","PA","421010027022","=""421010027022""","148"
"421010027023","PA","421010027023","=""421010027023""","248"
"421010027024","PA","421010027024","=""421010027024""","245"
"421010028011","PA","421010028011","=""421010028011""","192"
"421010028012","PA","421010028012","=""421010028012""","337"
"421010028013","PA","421010028013","=""421010028013""","254"
"421010028021","PA","421010028021","=""421010028021""","233"
"421010028022","PA","421010028022","=""421010028022""","309"
"421010028023","PA","421010028023","=""421010028023""","213"
"421010028024","PA","421010028024","=""421010028024""","214"
"421010028025","PA","421010028025","=""421010028025""","219"
"421010029001","PA","421010029001","=""421010029001""","241"
"421010029002","PA","421010029002","=""421010029002""","313"
"421010029003","PA","421010029003","=""421010029003""","367"
"421010030011","PA","421010030011","=""421010030011""","102"
"421010030012","PA","421010030012","=""421010030012""","153"
"421010030013","PA","421010030013","=""421010030013""","168"
"421010030014","PA","421010030014","=""421010030014""","132"
"421010030015","PA","421010030015","=""421010030015""","98"
"421010030021","PA","421010030021","=""421010030021""","174"
"421010030022","PA","421010030022","=""421010030022""","101"
"421010030023","PA","421010030023","=""421010030023""","101"
"421010030024","PA","421010030024","=""421010030024""","130"
"421010031001","PA","421010031001","=""421010031001""","200"
"421010031002","PA","421010031002","=""421010031002""","68"
"421010031003","PA","421010031003","=""421010031003""","100"
"421010031004","PA","421010031004","=""421010031004""","109"
"421010031005","PA","421010031005","=""421010031005""","197"
"421010031006","PA","421010031006","=""421010031006""","113"
"421010032001","PA","421010032001","=""421010032001""","136"
"421010032002","PA","421010032002","=""421010032002""","81"
"421010032003","PA","421010032003","=""421010032003""","222"
"421010032004","PA","421010032004","=""421010032004""","147"
"421010032005","PA","421010032005","=""421010032005""","52"
"421010032006","PA","421010032006","=""421010032006""","137"
"421010033001","PA","421010033001","=""421010033001""","454"
"421010033002","PA","421010033002","=""421010033002""","182"
"421010033003","PA","421010033003","=""421010033003""","205"
"421010033004","PA","421010033004","=""421010033004""","79"
"421010033005","PA","421010033005","=""421010033005""","247"
"421010033006","PA","421010033006","=""421010033006""","98"
"421010036001","PA","421010036001","=""421010036001""","463"
"421010036002","PA","421010036002","=""421010036002""","362"
"421010036003","PA","421010036003","=""421010036003""","519"
"421010036004","PA","421010036004","=""421010036004""","176"
"421010037011","PA","421010037011","=""421010037011""","72"
"421010037012","PA","421010037012","=""421010037012""","244"
"421010037013","PA","421010037013","=""421010037013""","308"
"421010037014","PA","421010037014","=""421010037014""","367"
"421010037015","PA","421010037015","=""421010037015""","266"
"421010037021","PA","421010037021","=""421010037021""","308"
"421010037022","PA","421010037022","=""421010037022""","247"
"421010037023","PA","421010037023","=""421010037023""","200"
"421010038001","PA","421010038001","=""421010038001""","329"
"421010038002","PA","421010038002","=""421010038002""","214"
"421010038003","PA","421010038003","=""421010038003""","200"
"421010038004","PA","421010038004","=""421010038004""","206"
"421010039011","PA","421010039011","=""421010039011""","298"
"421010039012","PA","421010039012","=""421010039012""","273"
"421010039013","PA","421010039013","=""421010039013""","555"
"421010039014","PA","421010039014","=""421010039014""","211"
"421010039021","PA","421010039021","=""421010039021""","400"
"421010039022","PA","421010039022","=""421010039022""","304"
"421010039023","PA","421010039023","=""421010039023""","231"
"421010039024","PA","421010039024","=""421010039024""","563"
"421010040011","PA","421010040011","=""421010040011""","292"
"421010040012","PA","421010040012","=""421010040012""","240"
"421010040013","PA","421010040013","=""421010040013""","252"
"421010040014","PA","421010040014","=""421010040014""","181"
"421010040021","PA","421010040021","=""421010040021""","244"
"421010040022","PA","421010040022","=""421010040022""","317"
"421010040023","PA","421010040023","=""421010040023""","313"
"421010040024","PA","421010040024","=""421010040024""","102"
"421010041011","PA","421010041011","=""421010041011""","132"
"421010041012","PA","421010041012","=""421010041012""","328"
"421010041013","PA","421010041013","=""421010041013""","354"
"421010041014","PA","421010041014","=""421010041014""","292"
"421010041021","PA","421010041021","=""421010041021""","570"
"421010041022","PA","421010041022","=""421010041022""","599"
"421010041023","PA","421010041023","=""421010041023""","368"
"421010041024","PA","421010041024","=""421010041024""","228"
"421010042011","PA","421010042011","=""421010042011""","317"
"421010042012","PA","421010042012","=""421010042012""","456"
"421010042013","PA","421010042013","=""421010042013""","219"
"421010042014","PA","421010042014","=""421010042014""","342"
"421010042021","PA","421010042021","=""421010042021""","304"
"421010042022","PA","421010042022","=""421010042022""","239"
"421010042023","PA","421010042023","=""421010042023""","388"
"421010042024","PA","421010042024","=""421010042024""","211"
"421010050001","PA","421010050001","=""421010050001""","0"
"421010054001","PA","421010054001","=""421010054001""","351"
"421010055001","PA","421010055001","=""421010055001""","367"
"421010055002","PA","421010055002","=""421010055002""","151"
"421010055003","PA","421010055003","=""421010055003""","870"
"421010056001","PA","421010056001","=""421010056001""","261"
"421010060001","PA","421010060001","=""421010060001""","422"
"421010060002","PA","421010060002","=""421010060002""","290"
"421010060003","PA","421010060003","=""421010060003""","135"
"421010060004","PA","421010060004","=""421010060004""","158"
"421010060005","PA","421010060005","=""421010060005""","389"
"421010061001","PA","421010061001","=""421010061001""","437"
"421010061002","PA","421010061002","=""421010061002""","206"
"421010062001","PA","421010062001","=""421010062001""","212"
"421010062002","PA","421010062002","=""421010062002""","283"
"421010062003","PA","421010062003","=""421010062003""","144"
"421010062004","PA","421010062004","=""421010062004""","280"
"421010063001","PA","421010063001","=""421010063001""","57"
"421010063002","PA","421010063002","=""421010063002""","225"
"421010063003","PA","421010063003","=""421010063003""","241"
"421010063004","PA","421010063004","=""421010063004""","303"
"421010064001","PA","421010064001","=""421010064001""","234"
"421010064002","PA","421010064002","=""421010064002""","321"
"421010064003","PA","421010064003","=""421010064003""","347"
"421010065001","PA","421010065001","=""421010065001""","72"
"421010065002","PA","421010065002","=""421010065002""","115"
"421010065003","PA","421010065003","=""421010065003""","208"
"421010065004","PA","421010065004","=""421010065004""","131"
"421010065005","PA","421010065005","=""421010065005""","124"
"421010065006","PA","421010065006","=""421010065006""","171"
"421010066001","PA","421010066001","=""421010066001""","230"
"421010066002","PA","421010066002","=""421010066002""","89"
"421010066003","PA","421010066003","=""421010066003""","136"
"421010066004","PA","421010066004","=""421010066004""","260"
"421010067001","PA","421010067001","=""421010067001""","263"
"421010067002","PA","421010067002","=""421010067002""","110"
"421010067003","PA","421010067003","=""421010067003""","145"
"421010067004","PA","421010067004","=""421010067004""","283"
"421010067005","PA","421010067005","=""421010067005""","248"
"421010067006","PA","421010067006","=""421010067006""","139"
"421010067007","PA","421010067007","=""421010067007""","208"
"421010069001","PA","421010069001","=""421010069001""","388"
"421010069002","PA","421010069002","=""421010069002""","197"
"421010069003","PA","421010069003","=""421010069003""","265"
"421010070001","PA","421010070001","=""421010070001""","289"
"421010070002","PA","421010070002","=""421010070002""","85"
"421010070003","PA","421010070003","=""421010070003""","156"
"421010070004","PA","421010070004","=""421010070004""","72"
"421010070005","PA","421010070005","=""421010070005""","238"
"421010071011","PA","421010071011","=""421010071011""","202"
"421010071012","PA","421010071012","=""421010071012""","202"
"421010071013","PA","421010071013","=""421010071013""","118"
"421010071021","PA","421010071021","=""421010071021""","157"
"421010071022","PA","421010071022","=""421010071022""","223"
"421010071023","PA","421010071023","=""421010071023""","86"
"421010071024","PA","421010071024","=""421010071024""","172"
"421010071025","PA","421010071025","=""421010071025""","170"
"421010072001","PA","421010072001","=""421010072001""","150"
"421010072002","PA","421010072002","=""421010072002""","144"
"421010072003","PA","421010072003","=""421010072003""","102"
"421010072004","PA","421010072004","=""421010072004""","206"
"421010072005","PA","421010072005","=""421010072005""","189"
"421010072006","PA","421010072006","=""421010072006""","136"
"421010073001","PA","421010073001","=""421010073001""","113"
"421010073002","PA","421010073002","=""421010073002""","182"
"421010073003","PA","421010073003","=""421010073003""","90"
"421010073004","PA","421010073004","=""421010073004""","178"
"421010074001","PA","421010074001","=""421010074001""","96"
"421010074002","PA","421010074002","=""421010074002""","185"
"421010074003","PA","421010074003","=""421010074003""","154"
"421010074004","PA","421010074004","=""421010074004""","255"
"421010074005","PA","421010074005","=""421010074005""","65"
"421010077001","PA","421010077001","=""421010077001""","129"
"421010077002","PA","421010077002","=""421010077002""","102"
"421010078001","PA","421010078001","=""421010078001""","87"
"421010078002","PA","421010078002","=""421010078002""","61"
"421010078003","PA","421010078003","=""421010078003""","105"
"421010078004","PA","421010078004","=""421010078004""","112"
"421010078005","PA","421010078005","=""421010078005""","194"
"421010079001","PA","421010079001","=""421010079001""","148"
"421010079002","PA","421010079002","=""421010079002""","268"
"421010079003","PA","421010079003","=""421010079003""","241"
"421010079004","PA","421010079004","=""421010079004""","176"
"421010080001","PA","421010080001","=""421010080001""","223"
"421010080002","PA","421010080002","=""421010080002""","134"
"421010080003","PA","421010080003","=""421010080003""","163"
"421010080004","PA","421010080004","=""421010080004""","229"
"421010081011","PA","421010081011","=""421010081011""","371"
"421010081012","PA","421010081012","=""421010081012""","69"
"421010081013","PA","421010081013","=""421010081013""","214"
"421010081021","PA","421010081021","=""421010081021""","76"
"421010081022","PA","421010081022","=""421010081022""","245"
"421010081023","PA","421010081023","=""421010081023""","175"
"421010081024","PA","421010081024","=""421010081024""","418"
"421010081025","PA","421010081025","=""421010081025""","103"
"421010082001","PA","421010082001","=""421010082001""","84"
"421010082002","PA","421010082002","=""421010082002""","332"
"421010082003","PA","421010082003","=""421010082003""","189"
"421010082004","PA","421010082004","=""421010082004""","50"
"421010082005","PA","421010082005","=""421010082005""","149"
"421010082006","PA","421010082006","=""421010082006""","270"
"421010082007","PA","421010082007","=""421010082007""","113"
"421010083011","PA","421010083011","=""421010083011""","322"
"421010083012","PA","421010083012","=""421010083012""","323"
"421010083013","PA","421010083013","=""421010083013""","241"
"421010083021","PA","421010083021","=""421010083021""","226"
"421010083022","PA","421010083022","=""421010083022""","475"
"421010083023","PA","421010083023","=""421010083023""","188"
"421010083024","PA","421010083024","=""421010083024""","252"
"421010084001","PA","421010084001","=""421010084001""","255"
"421010084002","PA","421010084002","=""421010084002""","280"
"421010084003","PA","421010084003","=""421010084003""","98"
"421010084004","PA","421010084004","=""421010084004""","147"
"421010084005","PA","421010084005","=""421010084005""","251"
"421010084006","PA","421010084006","=""421010084006""","131"
"421010085001","PA","421010085001","=""421010085001""","64"
"421010085002","PA","421010085002","=""421010085002""","261"
"421010085003","PA","421010085003","=""421010085003""","204"
"421010085004","PA","421010085004","=""421010085004""","83"
"421010085005","PA","421010085005","=""421010085005""","236"
"421010085006","PA","421010085006","=""421010085006""","343"
"421010085007","PA","421010085007","=""421010085007""","253"
"421010086011","PA","421010086011","=""421010086011""","213"
"421010086012","PA","421010086012","=""421010086012""","250"
"421010086021","PA","421010086021","=""421010086021""","151"
"421010086022","PA","421010086022","=""421010086022""","189"
"421010086023","PA","421010086023","=""421010086023""","164"
"421010087011","PA","421010087011","=""421010087011""","170"
"421010087012","PA","421010087012","=""421010087012""","197"
"421010087013","PA","421010087013","=""421010087013""","177"
"421010087021","PA","421010087021","=""421010087021""","191"
"421010087022","PA","421010087022","=""421010087022""","173"
"421010088011","PA","421010088011","=""421010088011""","11"
"421010088012","PA","421010088012","=""421010088012""","51"
"421010088021","PA","421010088021","=""421010088021""","56"
"421010088022","PA","421010088022","=""421010088022""","55"
"421010088023","PA","421010088023","=""421010088023""","0"
"421010088024","PA","421010088024","=""421010088024""","16"
"421010090001","PA","421010090001","=""421010090001""","75"
"421010090002","PA","421010090002","=""421010090002""","28"
"421010090003","PA","421010090003","=""421010090003""","35"
"421010090004","PA","421010090004","=""421010090004""","16"
"421010091001","PA","421010091001","=""421010091001""","108"
"421010091002","PA","421010091002","=""421010091002""","139"
"421010091003","PA","421010091003","=""421010091003""","83"
"421010092001","PA","421010092001","=""421010092001""","365"
"421010092002","PA","421010092002","=""421010092002""","242"
"421010093001","PA","421010093001","=""421010093001""","150"
"421010093002","PA","421010093002","=""421010093002""","203"
"421010093003","PA","421010093003","=""421010093003""","152"
"421010093004","PA","421010093004","=""421010093004""","219"
"421010093005","PA","421010093005","=""421010093005""","208"
"421010094001","PA","421010094001","=""421010094001""","190"
"421010094002","PA","421010094002","=""421010094002""","278"
"421010094003","PA","421010094003","=""421010094003""","163"
"421010094004","PA","421010094004","=""421010094004""","310"
"421010095001","PA","421010095001","=""421010095001""","138"
"421010095002","PA","421010095002","=""421010095002""","224"
"421010095003","PA","421010095003","=""421010095003""","41"
"421010095004","PA","421010095004","=""421010095004""","282"
"421010096001","PA","421010096001","=""421010096001""","230"
"421010096002","PA","421010096002","=""421010096002""","171"
"421010096003","PA","421010096003","=""421010096003""","172"
"421010096004","PA","421010096004","=""421010096004""","226"
"421010096005","PA","421010096005","=""421010096005""","148"
"421010098011","PA","421010098011","=""421010098011""","286"
"421010098012","PA","421010098012","=""421010098012""","315"
"421010098021","PA","421010098021","=""421010098021""","490"
"421010098022","PA","421010098022","=""421010098022""","448"
"421010098023","PA","421010098023","=""421010098023""","529"
"421010100001","PA","421010100001","=""421010100001""","232"
"421010100002","PA","421010100002","=""421010100002""","212"
"421010100003","PA","421010100003","=""421010100003""","201"
"421010100004","PA","421010100004","=""421010100004""","337"
"421010101001","PA","421010101001","=""421010101001""","237"
"421010101002","PA","421010101002","=""421010101002""","155"
"421010101003","PA","421010101003","=""421010101003""","379"
"421010101004","PA","421010101004","=""421010101004""","230"
"421010101005","PA","421010101005","=""421010101005""","75"
"421010101006","PA","421010101006","=""421010101006""","141"
"421010101007","PA","421010101007","=""421010101007""","81"
"421010102001","PA","421010102001","=""421010102001""","134"
"421010102002","PA","421010102002","=""421010102002""","305"
"421010102003","PA","421010102003","=""421010102003""","351"
"421010103001","PA","421010103001","=""421010103001""","359"
"421010103002","PA","421010103002","=""421010103002""","209"
"421010104001","PA","421010104001","=""421010104001""","152"
"421010104002","PA","421010104002","=""421010104002""","63"
"421010104003","PA","421010104003","=""421010104003""","193"
"421010104004","PA","421010104004","=""421010104004""","206"
"421010105001","PA","421010105001","=""421010105001""","78"
"421010105002","PA","421010105002","=""421010105002""","367"
"421010105003","PA","421010105003","=""421010105003""","304"
"421010106001","PA","421010106001","=""421010106001""","160"
"421010106002","PA","421010106002","=""421010106002""","162"
"421010107001","PA","421010107001","=""421010107001""","123"
"421010107002","PA","421010107002","=""421010107002""","289"
"421010107003","PA","421010107003","=""421010107003""","68"
"421010107004","PA","421010107004","=""421010107004""","216"
"421010108001","PA","421010108001","=""421010108001""","111"
"421010108002","PA","421010108002","=""421010108002""","130"
"421010108003","PA","421010108003","=""421010108003""","144"
"421010108004","PA","421010108004","=""421010108004""","243"
"421010108005","PA","421010108005","=""421010108005""","145"
"421010109001","PA","421010109001","=""421010109001""","263"
"421010109002","PA","421010109002","=""421010109002""","48"
"421010109003","PA","421010109003","=""421010109003""","172"
"421010110001","PA","421010110001","=""421010110001""","111"
"421010110002","PA","421010110002","=""421010110002""","153"
"421010110003","PA","421010110003","=""421010110003""","40"
"421010110004","PA","421010110004","=""421010110004""","401"
"421010111001","PA","421010111001","=""421010111001""","129"
"421010111002","PA","421010111002","=""421010111002""","107"
"421010111003","PA","421010111003","=""421010111003""","82"
"421010111004","PA","421010111004","=""421010111004""","217"
"421010111005","PA","421010111005","=""421010111005""","99"
"421010112001","PA","421010112001","=""421010112001""","187"
"421010112002","PA","421010112002","=""421010112002""","159"
"421010112003","PA","421010112003","=""421010112003""","186"
"421010112004","PA","421010112004","=""421010112004""","319"
"421010112005","PA","421010112005","=""421010112005""","132"
"421010112006","PA","421010112006","=""421010112006""","124"
"421010112007","PA","421010112007","=""421010112007""","82"
"421010113001","PA","421010113001","=""421010113001""","302"
"421010113002","PA","421010113002","=""421010113002""","167"
"421010113003","PA","421010113003","=""421010113003""","301"
"421010114001","PA","421010114001","=""421010114001""","549"
"421010114002","PA","421010114002","=""421010114002""","114"
"421010114003","PA","421010114003","=""421010114003""","221"
"421010114004","PA","421010114004","=""421010114004""","158"
"421010114005","PA","421010114005","=""421010114005""","360"
"421010114006","PA","421010114006","=""421010114006""","94"
"421010115001","PA","421010115001","=""421010115001""","288"
"421010115002","PA","421010115002","=""421010115002""","291"
"421010115003","PA","421010115003","=""421010115003""","375"
"421010115004","PA","421010115004","=""421010115004""","163"
"421010117001","PA","421010117001","=""421010117001""","174"
"421010118001","PA","421010118001","=""421010118001""","403"
"421010118002","PA","421010118002","=""421010118002""","257"
"421010118003","PA","421010118003","=""421010118003""","235"
"421010118004","PA","421010118004","=""421010118004""","203"
"421010118005","PA","421010118005","=""421010118005""","244"
"421010118006","PA","421010118006","=""421010118006""","137"
"421010119001","PA","421010119001","=""421010119001""","284"
"421010119002","PA","421010119002","=""421010119002""","358"
"421010119003","PA","421010119003","=""421010119003""","184"
"421010119004","PA","421010119004","=""421010119004""","113"
"421010119005","PA","421010119005","=""421010119005""","141"
"421010120001","PA","421010120001","=""421010120001""","94"
"421010120002","PA","421010120002","=""421010120002""","232"
"421010121001","PA","421010121001","=""421010121001""","223"
"421010121002","PA","421010121002","=""421010121002""","335"
"421010122011","PA","421010122011","=""421010122011""","6"
"421010122012","PA","421010122012","=""421010122012""","334"
"421010122031","PA","421010122031","=""421010122031""","79"
"421010122041","PA","421010122041","=""421010122041""","510"
"421010122042","PA","421010122042","=""421010122042""","368"
"421010125001","PA","421010125001","=""421010125001""","222"
"421010125002","PA","421010125002","=""421010125002""","513"
"421010125003","PA","421010125003","=""421010125003""","128"
"421010131001","PA","421010131001","=""421010131001""","209"
"421010131002","PA","421010131002","=""421010131002""","145"
"421010132001","PA","421010132001","=""421010132001""","141"
"421010132002","PA","421010132002","=""421010132002""","261"
"421010133001","PA","421010133001","=""421010133001""","310"
"421010133002","PA","421010133002","=""421010133002""","208"
"421010134011","PA","421010134011","=""421010134011""","245"
"421010134012","PA","421010134012","=""421010134012""","355"
"421010134021","PA","421010134021","=""421010134021""","132"
"421010134022","PA","421010134022","=""421010134022""","111"
"421010134023","PA","421010134023","=""421010134023""","278"
"421010135001","PA","421010135001","=""421010135001""","158"
"421010135002","PA","421010135002","=""421010135002""","102"
"421010135003","PA","421010135003","=""421010135003""","229"
"421010135004","PA","421010135004","=""421010135004""","326"
"421010136011","PA","421010136011","=""421010136011""","275"
"421010136012","PA","421010136012","=""421010136012""","377"
"421010136021","PA","421010136021","=""421010136021""","173"
"421010136022","PA","421010136022","=""421010136022""","276"
"421010136023","PA","421010136023","=""421010136023""","251"
"421010136024","PA","421010136024","=""421010136024""","173"
"421010137001","PA","421010137001","=""421010137001""","258"
"421010137002","PA","421010137002","=""421010137002""","100"
"421010137003","PA","421010137003","=""421010137003""","230"
"421010137004","PA","421010137004","=""421010137004""","223"
"421010137005","PA","421010137005","=""421010137005""","330"
"421010138001","PA","421010138001","=""421010138001""","72"
"421010138002","PA","421010138002","=""421010138002""","268"
"421010139001","PA","421010139001","=""421010139001""","0"
"421010139002","PA","421010139002","=""421010139002""","139"
"421010139003","PA","421010139003","=""421010139003""","50"
"421010140001","PA","421010140001","=""421010140001""","287"
"421010140002","PA","421010140002","=""421010140002""","140"
"421010140003","PA","421010140003","=""421010140003""","138"
"421010141001","PA","421010141001","=""421010141001""","152"
"421010141002","PA","421010141002","=""421010141002""","176"
"421010142001","PA","421010142001","=""421010142001""","281"
"421010142002","PA","421010142002","=""421010142002""","577"
"421010143001","PA","421010143001","=""421010143001""","146"
"421010143002","PA","421010143002","=""421010143002""","208"
"421010144001","PA","421010144001","=""421010144001""","126"
"421010144002","PA","421010144002","=""421010144002""","319"
"421010144003","PA","421010144003","=""421010144003""","238"
"421010145001","PA","421010145001","=""421010145001""","200"
"421010145002","PA","421010145002","=""421010145002""","188"
"421010146001","PA","421010146001","=""421010146001""","102"
"421010146002","PA","421010146002","=""421010146002""","222"
"421010146003","PA","421010146003","=""421010146003""","153"
"421010147001","PA","421010147001","=""421010147001""","118"
"421010147002","PA","421010147002","=""421010147002""","145"
"421010148001","PA","421010148001","=""421010148001""","134"
"421010149001","PA","421010149001","=""421010149001""","186"
"421010149002","PA","421010149002","=""421010149002""","70"
"421010149003","PA","421010149003","=""421010149003""","99"
"421010149004","PA","421010149004","=""421010149004""","76"
"421010149005","PA","421010149005","=""421010149005""","150"
"421010149006","PA","421010149006","=""421010149006""","67"
"421010151011","PA","421010151011","=""421010151011""","211"
"421010151012","PA","421010151012","=""421010151012""","210"
"421010151021","PA","421010151021","=""421010151021""","312"
"421010151022","PA","421010151022","=""421010151022""","400"
"421010151023","PA","421010151023","=""421010151023""","171"
"421010152001","PA","421010152001","=""421010152001""","115"
"421010152002","PA","421010152002","=""421010152002""","268"
"421010152003","PA","421010152003","=""421010152003""","333"
"421010152004","PA","421010152004","=""421010152004""","236"
"421010152005","PA","421010152005","=""421010152005""","95"
"421010153001","PA","421010153001","=""421010153001""","8"
"421010153002","PA","421010153002","=""421010153002""","94"
"421010153003","PA","421010153003","=""421010153003""","100"
"421010153004","PA","421010153004","=""421010153004""","109"
"421010156001","PA","421010156001","=""421010156001""","179"
"421010156002","PA","421010156002","=""421010156002""","179"
"421010157001","PA","421010157001","=""421010157001""","80"
"421010157002","PA","421010157002","=""421010157002""","160"
"421010157003","PA","421010157003","=""421010157003""","179"
"421010158001","PA","421010158001","=""421010158001""","255"
"421010158002","PA","421010158002","=""421010158002""","216"
"421010158003","PA","421010158003","=""421010158003""","232"
"421010158004","PA","421010158004","=""421010158004""","137"
"421010158005","PA","421010158005","=""421010158005""","216"
"421010158006","PA","421010158006","=""421010158006""","220"
"421010160001","PA","421010160001","=""421010160001""","103"
"421010160002","PA","421010160002","=""421010160002""","188"
"421010160003","PA","421010160003","=""421010160003""","337"
"421010160004","PA","421010160004","=""421010160004""","198"
"421010160005","PA","421010160005","=""421010160005""","127"
"421010160006","PA","421010160006","=""421010160006""","211"
"421010160007","PA","421010160007","=""421010160007""","205"
"421010161001","PA","421010161001","=""421010161001""","534"
"421010161002","PA","421010161002","=""421010161002""","284"
"421010161003","PA","421010161003","=""421010161003""","125"
"421010161004","PA","421010161004","=""421010161004""","179"
"421010162001","PA","421010162001","=""421010162001""","143"
"421010162002","PA","421010162002","=""421010162002""","188"
"421010162003","PA","421010162003","=""421010162003""","73"
"421010163001","PA","421010163001","=""421010163001""","193"
"421010163002","PA","421010163002","=""421010163002""","75"
"421010163003","PA","421010163003","=""421010163003""","198"
"421010163004","PA","421010163004","=""421010163004""","177"
"421010164001","PA","421010164001","=""421010164001""","221"
"421010164002","PA","421010164002","=""421010164002""","68"
"421010164003","PA","421010164003","=""421010164003""","339"
"421010164004","PA","421010164004","=""421010164004""","289"
"421010165001","PA","421010165001","=""421010165001""","29"
"421010165002","PA","421010165002","=""421010165002""","125"
"421010165003","PA","421010165003","=""421010165003""","418"
"421010166001","PA","421010166001","=""421010166001""","227"
"421010166002","PA","421010166002","=""421010166002""","53"
"421010167011","PA","421010167011","=""421010167011""","171"
"421010167012","PA","421010167012","=""421010167012""","149"
"421010167013","PA","421010167013","=""421010167013""","316"
"421010167021","PA","421010167021","=""421010167021""","124"
"421010167022","PA","421010167022","=""421010167022""","140"
"421010167023","PA","421010167023","=""421010167023""","103"
"421010167024","PA","421010167024","=""421010167024""","110"
"421010168001","PA","421010168001","=""421010168001""","182"
"421010168002","PA","421010168002","=""421010168002""","19"
"421010168003","PA","421010168003","=""421010168003""","183"
"421010168004","PA","421010168004","=""421010168004""","136"
"421010168005","PA","421010168005","=""421010168005""","93"
"421010168006","PA","421010168006","=""421010168006""","71"
"421010169011","PA","421010169011","=""421010169011""","271"
"421010169012","PA","421010169012","=""421010169012""","87"
"421010169013","PA","421010169013","=""421010169013""","196"
"421010169021","PA","421010169021","=""421010169021""","289"
"421010169022","PA","421010169022","=""421010169022""","195"
"421010169023","PA","421010169023","=""421010169023""","274"
"421010169024","PA","421010169024","=""421010169024""","117"
"421010170001","PA","421010170001","=""421010170001""","263"
"421010170002","PA","421010170002","=""421010170002""","141"
"421010170003","PA","421010170003","=""421010170003""","134"
"421010171001","PA","421010171001","=""421010171001""","160"
"421010171002","PA","421010171002","=""421010171002""","164"
"421010171003","PA","421010171003","=""421010171003""","242"
"421010171004","PA","421010171004","=""421010171004""","201"
"421010172011","PA","421010172011","=""421010172011""","133"
"421010172012","PA","421010172012","=""421010172012""","174"
"421010172013","PA","421010172013","=""421010172013""","202"
"421010172021","PA","421010172021","=""421010172021""","311"
"421010172022","PA","421010172022","=""421010172022""","220"
"421010172023","PA","421010172023","=""421010172023""","216"
"421010172024","PA","421010172024","=""421010172024""","118"
"421010173001","PA","421010173001","=""421010173001""","147"
"421010173002","PA","421010173002","=""421010173002""","331"
"421010174001","PA","421010174001","=""421010174001""","400"
"421010174002","PA","421010174002","=""421010174002""","186"
"421010175001","PA","421010175001","=""421010175001""","443"
"421010175002","PA","421010175002","=""421010175002""","124"
"421010175003","PA","421010175003","=""421010175003""","285"
"421010175004","PA","421010175004","=""421010175004""","167"
"421010175005","PA","421010175005","=""421010175005""","283"
"421010175006","PA","421010175006","=""421010175006""","246"
"421010176011","PA","421010176011","=""421010176011""","94"
"421010176012","PA","421010176012","=""421010176012""","78"
"421010176013","PA","421010176013","=""421010176013""","489"
"421010176014","PA","421010176014","=""421010176014""","258"
"421010176015","PA","421010176015","=""421010176015""","286"
"421010176021","PA","421010176021","=""421010176021""","397"
"421010176022","PA","421010176022","=""421010176022""","195"
"421010176023","PA","421010176023","=""421010176023""","364"
"421010177011","PA","421010177011","=""421010177011""","264"
"421010177012","PA","421010177012","=""421010177012""","181"
"421010177013","PA","421010177013","=""421010177013""","168"
"421010177021","PA","421010177021","=""421010177021""","133"
"421010177022","PA","421010177022","=""421010177022""","278"
"421010177023","PA","421010177023","=""421010177023""","92"
"421010177024","PA","421010177024","=""421010177024""","299"
"421010177025","PA","421010177025","=""421010177025""","279"
"421010178001","PA","421010178001","=""421010178001""","182"
"421010178002","PA","421010178002","=""421010178002""","206"
"421010178003","PA","421010178003","=""421010178003""","217"
"421010178004","PA","421010178004","=""421010178004""","109"
"421010178005","PA","421010178005","=""421010178005""","162"
"421010178006","PA","421010178006","=""421010178006""","67"
"421010178007","PA","421010178007","=""421010178007""","151"
"421010179001","PA","421010179001","=""421010179001""","52"
"421010179002","PA","421010179002","=""421010179002""","279"
"421010179003","PA","421010179003","=""421010179003""","292"
"421010179004","PA","421010179004","=""421010179004""","325"
"421010179005","PA","421010179005","=""421010179005""","465"
"421010180011","PA","421010180011","=""421010180011""","230"
"421010180012","PA","421010180012","=""421010180012""","325"
"421010180013","PA","421010180013","=""421010180013""","223"
"421010180021","PA","421010180021","=""421010180021""","310"
"421010180022","PA","421010180022","=""421010180022""","240"
"421010180023","PA","421010180023","=""421010180023""","557"
"421010180024","PA","421010180024","=""421010180024""","255"
"421010183001","PA","421010183001","=""421010183001""","185"
"421010183002","PA","421010183002","=""421010183002""","232"
"421010183003","PA","421010183003","=""421010183003""","444"
"421010183004","PA","421010183004","=""421010183004""","179"
"421010184001","PA","421010184001","=""421010184001""","198"
"421010184002","PA","421010184002","=""421010184002""","302"
"421010188001","PA","421010188001","=""421010188001""","231"
"421010188002","PA","421010188002","=""421010188002""","227"
"421010188003","PA","421010188003","=""421010188003""","279"
"421010188004","PA","421010188004","=""421010188004""","59"
"421010188005","PA","421010188005","=""421010188005""","61"
"421010188006","PA","421010188006","=""421010188006""","230"
"421010188007","PA","421010188007","=""421010188007""","447"
"421010190001","PA","421010190001","=""421010190001""","335"
"421010190002","PA","421010190002","=""421010190002""","450"
"421010190003","PA","421010190003","=""421010190003""","269"
"421010190004","PA","421010190004","=""421010190004""","322"
"421010190005","PA","421010190005","=""421010190005""","356"
"421010191001","PA","421010191001","=""421010191001""","185"
"421010191002","PA","421010191002","=""421010191002""","166"
"421010191003","PA","421010191003","=""421010191003""","297"
"421010191004","PA","421010191004","=""421010191004""","488"
"421010191005","PA","421010191005","=""421010191005""","467"
"421010191006","PA","421010191006","=""421010191006""","47"
"421010192001","PA","421010192001","=""421010192001""","198"
"421010192002","PA","421010192002","=""421010192002""","366"
"421010192003","PA","421010192003","=""421010192003""","415"
"421010192004","PA","421010192004","=""421010192004""","581"
"421010192005","PA","421010192005","=""421010192005""","221"
"421010192006","PA","421010192006","=""421010192006""","132"
"421010195011","PA","421010195011","=""421010195011""","292"
"421010195012","PA","421010195012","=""421010195012""","435"
"421010195013","PA","421010195013","=""421010195013""","322"
"421010195021","PA","421010195021","=""421010195021""","215"
"421010195022","PA","421010195022","=""421010195022""","466"
"421010195023","PA","421010195023","=""421010195023""","89"
"421010197001","PA","421010197001","=""421010197001""","284"
"421010197002","PA","421010197002","=""421010197002""","350"
"421010197003","PA","421010197003","=""421010197003""","272"
"421010197004","PA","421010197004","=""421010197004""","206"
"421010197005","PA","421010197005","=""421010197005""","346"
"421010197006","PA","421010197006","=""421010197006""","253"
"421010198001","PA","421010198001","=""421010198001""","292"
"421010198002","PA","421010198002","=""421010198002""","135"
"421010198003","PA","421010198003","=""421010198003""","285"
"421010198004","PA","421010198004","=""421010198004""","309"
"421010198005","PA","421010198005","=""421010198005""","250"
"421010198006","PA","421010198006","=""421010198006""","232"
"421010199001","PA","421010199001","=""421010199001""","208"
"421010199002","PA","421010199002","=""421010199002""","329"
"421010199003","PA","421010199003","=""421010199003""","202"
"421010199004","PA","421010199004","=""421010199004""","174"
"421010200001","PA","421010200001","=""421010200001""","83"
"421010200002","PA","421010200002","=""421010200002""","261"
"421010201011","PA","421010201011","=""421010201011""","291"
"421010201012","PA","421010201012","=""421010201012""","117"
"421010201013","PA","421010201013","=""421010201013""","220"
"421010201021","PA","421010201021","=""421010201021""","209"
"421010201022","PA","421010201022","=""421010201022""","155"
"421010201023","PA","421010201023","=""421010201023""","258"
"421010201024","PA","421010201024","=""421010201024""","212"
"421010202001","PA","421010202001","=""421010202001""","263"
"421010202002","PA","421010202002","=""421010202002""","70"
"421010202003","PA","421010202003","=""421010202003""","73"
"421010202004","PA","421010202004","=""421010202004""","89"
"421010202005","PA","421010202005","=""421010202005""","129"
"421010202006","PA","421010202006","=""421010202006""","290"
"421010203001","PA","421010203001","=""421010203001""","293"
"421010203002","PA","421010203002","=""421010203002""","255"
"421010204001","PA","421010204001","=""421010204001""","145"
"421010204002","PA","421010204002","=""421010204002""","186"
"421010204003","PA","421010204003","=""421010204003""","197"
"421010204004","PA","421010204004","=""421010204004""","120"
"421010205001","PA","421010205001","=""421010205001""","329"
"421010205002","PA","421010205002","=""421010205002""","143"
"421010206001","PA","421010206001","=""421010206001""","313"
"421010207001","PA","421010207001","=""421010207001""","191"
"421010207002","PA","421010207002","=""421010207002""","221"
"421010207003","PA","421010207003","=""421010207003""","469"
"421010207004","PA","421010207004","=""421010207004""","219"
"421010208001","PA","421010208001","=""421010208001""","154"
"421010208002","PA","421010208002","=""421010208002""","130"
"421010209001","PA","421010209001","=""421010209001""","239"
"421010209002","PA","421010209002","=""421010209002""","129"
"421010209003","PA","421010209003","=""421010209003""","104"
"421010209004","PA","421010209004","=""421010209004""","109"
"421010210001","PA","421010210001","=""421010210001""","253"
"421010210002","PA","421010210002","=""421010210002""","90"
"421010210003","PA","421010210003","=""421010210003""","266"
"421010210004","PA","421010210004","=""421010210004""","163"
"421010210005","PA","421010210005","=""421010210005""","239"
"421010211001","PA","421010211001","=""421010211001""","293"
"421010211002","PA","421010211002","=""421010211002""","259"
"421010212001","PA","421010212001","=""421010212001""","260"
"421010212002","PA","421010212002","=""421010212002""","261"
"421010213001","PA","421010213001","=""421010213001""","73"
"421010213002","PA","421010213002","=""421010213002""","118"
"421010213003","PA","421010213003","=""421010213003""","261"
"421010213004","PA","421010213004","=""421010213004""","131"
"421010213005","PA","421010213005","=""421010213005""","74"
"421010214001","PA","421010214001","=""421010214001""","66"
"421010214002","PA","421010214002","=""421010214002""","169"
"421010214003","PA","421010214003","=""421010214003""","95"
"421010214004","PA","421010214004","=""421010214004""","75"
"421010214005","PA","421010214005","=""421010214005""","170"
"421010215001","PA","421010215001","=""421010215001""","253"
"421010215002","PA","421010215002","=""421010215002""","212"
"421010215003","PA","421010215003","=""421010215003""","130"
"421010215004","PA","421010215004","=""421010215004""","235"
"421010216001","PA","421010216001","=""421010216001""","237"
"421010216002","PA","421010216002","=""421010216002""","238"
"421010217001","PA","421010217001","=""421010217001""","648"
"421010217002","PA","421010217002","=""421010217002""","502"
"421010217003","PA","421010217003","=""421010217003""","188"
"421010217004","PA","421010217004","=""421010217004""","255"
"421010218001","PA","421010218001","=""421010218001""","251"
"421010218002","PA","421010218002","=""421010218002""","513"
"421010218003","PA","421010218003","=""421010218003""","309"
"421010219001","PA","421010219001","=""421010219001""","307"
"421010220001","PA","421010220001","=""421010220001""","383"
"421010231001","PA","421010231001","=""421010231001""","374"
"421010235001","PA","421010235001","=""421010235001""","364"
"421010236001","PA","421010236001","=""421010236001""","162"
"421010236002","PA","421010236002","=""421010236002""","152"
"421010236003","PA","421010236003","=""421010236003""","238"
"421010237001","PA","421010237001","=""421010237001""","270"
"421010237002","PA","421010237002","=""421010237002""","373"
"421010237003","PA","421010237003","=""421010237003""","80"
"421010237004","PA","421010237004","=""421010237004""","235"
"421010238001","PA","421010238001","=""421010238001""","123"
"421010238002","PA","421010238002","=""421010238002""","69"
"421010238003","PA","421010238003","=""421010238003""","207"
"421010238004","PA","421010238004","=""421010238004""","193"
"421010238005","PA","421010238005","=""421010238005""","260"
"421010239001","PA","421010239001","=""421010239001""","153"
"421010239002","PA","421010239002","=""421010239002""","117"
"421010240001","PA","421010240001","=""421010240001""","211"
"421010240002","PA","421010240002","=""421010240002""","190"
"421010240003","PA","421010240003","=""421010240003""","82"
"421010240004","PA","421010240004","=""421010240004""","159"
"421010241001","PA","421010241001","=""421010241001""","124"
"421010242001","PA","421010242001","=""421010242001""","266"
"421010242002","PA","421010242002","=""421010242002""","55"
"421010242003","PA","421010242003","=""421010242003""","262"
"421010242004","PA","421010242004","=""421010242004""","185"
"421010243001","PA","421010243001","=""421010243001""","217"
"421010243002","PA","421010243002","=""421010243002""","283"
"421010243003","PA","421010243003","=""421010243003""","175"
"421010243004","PA","421010243004","=""421010243004""","135"
"421010244001","PA","421010244001","=""421010244001""","347"
"421010244002","PA","421010244002","=""421010244002""","195"
"421010244003","PA","421010244003","=""421010244003""","94"
"421010245001","PA","421010245001","=""421010245001""","195"
"421010245002","PA","421010245002","=""421010245002""","284"
"421010245003","PA","421010245003","=""421010245003""","205"
"421010245004","PA","421010245004","=""421010245004""","114"
"421010246001","PA","421010246001","=""421010246001""","100"
"421010246002","PA","421010246002","=""421010246002""","327"
"421010246003","PA","421010246003","=""421010246003""","128"
"421010247001","PA","421010247001","=""421010247001""","180"
"421010247002","PA","421010247002","=""421010247002""","116"
"421010247003","PA","421010247003","=""421010247003""","258"
"421010247004","PA","421010247004","=""421010247004""","162"
"421010247005","PA","421010247005","=""421010247005""","39"
"421010248001","PA","421010248001","=""421010248001""","204"
"421010248002","PA","421010248002","=""421010248002""","308"
"421010249001","PA","421010249001","=""421010249001""","257"
"421010249002","PA","421010249002","=""421010249002""","49"
"421010249003","PA","421010249003","=""421010249003""","82"
"421010249004","PA","421010249004","=""421010249004""","160"
"421010252001","PA","421010252001","=""421010252001""","116"
"421010252002","PA","421010252002","=""421010252002""","169"
"421010252003","PA","421010252003","=""421010252003""","177"
"421010252004","PA","421010252004","=""421010252004""","188"
"421010252005","PA","421010252005","=""421010252005""","271"
"421010252006","PA","421010252006","=""421010252006""","320"
"421010252007","PA","421010252007","=""421010252007""","326"
"421010253001","PA","421010253001","=""421010253001""","236"
"421010253002","PA","421010253002","=""421010253002""","152"
"421010253003","PA","421010253003","=""421010253003""","119"
"421010253004","PA","421010253004","=""421010253004""","208"
"421010253005","PA","421010253005","=""421010253005""","243"
"421010254001","PA","421010254001","=""421010254001""","269"
"421010254002","PA","421010254002","=""421010254002""","250"
"421010254003","PA","421010254003","=""421010254003""","164"
"421010254004","PA","421010254004","=""421010254004""","255"
"421010255001","PA","421010255001","=""421010255001""","234"
"421010255002","PA","421010255002","=""421010255002""","271"
"421010255003","PA","421010255003","=""421010255003""","169"
"421010256001","PA","421010256001","=""421010256001""","223"
"421010256002","PA","421010256002","=""421010256002""","172"
"421010256003","PA","421010256003","=""421010256003""","280"
"421010257001","PA","421010257001","=""421010257001""","393"
"421010257002","PA","421010257002","=""421010257002""","267"
"421010257003","PA","421010257003","=""421010257003""","238"
"421010258001","PA","421010258001","=""421010258001""","434"
"421010259001","PA","421010259001","=""421010259001""","141"
"421010259002","PA","421010259002","=""421010259002""","83"
"421010259003","PA","421010259003","=""421010259003""","209"
"421010259004","PA","421010259004","=""421010259004""","244"
"421010259005","PA","421010259005","=""421010259005""","186"
"421010259006","PA","421010259006","=""421010259006""","100"
"421010260001","PA","421010260001","=""421010260001""","264"
"421010260002","PA","421010260002","=""421010260002""","183"
"421010260003","PA","421010260003","=""421010260003""","386"
"421010261001","PA","421010261001","=""421010261001""","197"
"421010261002","PA","421010261002","=""421010261002""","201"
"421010261003","PA","421010261003","=""421010261003""","307"
"421010262001","PA","421010262001","=""421010262001""","111"
"421010262002","PA","421010262002","=""421010262002""","124"
"421010262003","PA","421010262003","=""421010262003""","305"
"421010262004","PA","421010262004","=""421010262004""","308"
"421010263011","PA","421010263011","=""421010263011""","292"
"421010263012","PA","421010263012","=""421010263012""","182"
"421010263013","PA","421010263013","=""421010263013""","213"
"421010263014","PA","421010263014","=""421010263014""","159"
"421010263021","PA","421010263021","=""421010263021""","366"
"421010263022","PA","421010263022","=""421010263022""","286"
"421010263023","PA","421010263023","=""421010263023""","194"
"421010263024","PA","421010263024","=""421010263024""","505"
"421010264001","PA","421010264001","=""421010264001""","194"
"421010264002","PA","421010264002","=""421010264002""","112"
"421010264003","PA","421010264003","=""421010264003""","256"
"421010264004","PA","421010264004","=""421010264004""","335"
"421010264005","PA","421010264005","=""421010264005""","140"
"421010264006","PA","421010264006","=""421010264006""","174"
"421010264007","PA","421010264007","=""421010264007""","107"
"421010265001","PA","421010265001","=""421010265001""","137"
"421010265002","PA","421010265002","=""421010265002""","153"
"421010265003","PA","421010265003","=""421010265003""","229"
"421010265004","PA","421010265004","=""421010265004""","116"
"421010265005","PA","421010265005","=""421010265005""","141"
"421010265006","PA","421010265006","=""421010265006""","270"
"421010266001","PA","421010266001","=""421010266001""","142"
"421010266002","PA","421010266002","=""421010266002""","187"
"421010266003","PA","421010266003","=""421010266003""","131"
"421010266004","PA","421010266004","=""421010266004""","313"
"421010266005","PA","421010266005","=""421010266005""","185"
"421010266006","PA","421010266006","=""421010266006""","191"
"421010266007","PA","421010266007","=""421010266007""","162"
"421010266008","PA","421010266008","=""421010266008""","178"
"421010267001","PA","421010267001","=""421010267001""","217"
"421010267002","PA","421010267002","=""421010267002""","110"
"421010267003","PA","421010267003","=""421010267003""","214"
"421010267004","PA","421010267004","=""421010267004""","525"
"421010267005","PA","421010267005","=""421010267005""","236"
"421010267006","PA","421010267006","=""421010267006""","113"
"421010267007","PA","421010267007","=""421010267007""","242"
"421010268001","PA","421010268001","=""421010268001""","179"
"421010268002","PA","421010268002","=""421010268002""","171"
"421010268003","PA","421010268003","=""421010268003""","217"
"421010268004","PA","421010268004","=""421010268004""","329"
"421010269001","PA","421010269001","=""421010269001""","142"
"421010269002","PA","421010269002","=""421010269002""","232"
"421010270001","PA","421010270001","=""421010270001""","159"
"421010270002","PA","421010270002","=""421010270002""","389"
"421010271001","PA","421010271001","=""421010271001""","145"
"421010271002","PA","421010271002","=""421010271002""","246"
"421010271003","PA","421010271003","=""421010271003""","206"
"421010272001","PA","421010272001","=""421010272001""","162"
"421010272002","PA","421010272002","=""421010272002""","542"
"421010272003","PA","421010272003","=""421010272003""","301"
"421010273001","PA","421010273001","=""421010273001""","154"
"421010273002","PA","421010273002","=""421010273002""","133"
"421010273003","PA","421010273003","=""421010273003""","308"
"421010273004","PA","421010273004","=""421010273004""","277"
"421010273005","PA","421010273005","=""421010273005""","308"
"421010274011","PA","421010274011","=""421010274011""","194"
"421010274012","PA","421010274012","=""421010274012""","158"
"421010274013","PA","421010274013","=""421010274013""","243"
"421010274021","PA","421010274021","=""421010274021""","365"
"421010274022","PA","421010274022","=""421010274022""","163"
"421010274023","PA","421010274023","=""421010274023""","189"
"421010274024","PA","421010274024","=""421010274024""","503"
"421010274025","PA","421010274025","=""421010274025""","307"
"421010275001","PA","421010275001","=""421010275001""","417"
"421010275002","PA","421010275002","=""421010275002""","296"
"421010275003","PA","421010275003","=""421010275003""","221"
"421010275004","PA","421010275004","=""421010275004""","301"
"421010276001","PA","421010276001","=""421010276001""","347"
"421010276002","PA","421010276002","=""421010276002""","85"
"421010276003","PA","421010276003","=""421010276003""","204"
"421010276004","PA","421010276004","=""421010276004""","283"
"421010277001","PA","421010277001","=""421010277001""","191"
"421010277002","PA","421010277002","=""421010277002""","195"
"421010277003","PA","421010277003","=""421010277003""","258"
"421010277004","PA","421010277004","=""421010277004""","125"
"421010277005","PA","421010277005","=""421010277005""","64"
"421010277006","PA","421010277006","=""421010277006""","201"
"421010278001","PA","421010278001","=""421010278001""","214"
"421010278002","PA","421010278002","=""421010278002""","189"
"421010278003","PA","421010278003","=""421010278003""","189"
"421010278004","PA","421010278004","=""421010278004""","370"
"421010279011","PA","421010279011","=""421010279011""","202"
"421010279012","PA","421010279012","=""421010279012""","191"
"421010279013","PA","421010279013","=""421010279013""","165"
"421010279014","PA","421010279014","=""421010279014""","382"
"421010279021","PA","421010279021","=""421010279021""","143"
"421010279022","PA","421010279022","=""421010279022""","262"
"421010280001","PA","421010280001","=""421010280001""","183"
"421010280002","PA","421010280002","=""421010280002""","202"
"421010280003","PA","421010280003","=""421010280003""","315"
"421010280004","PA","421010280004","=""421010280004""","272"
"421010281001","PA","421010281001","=""421010281001""","400"
"421010281002","PA","421010281002","=""421010281002""","267"
"421010281003","PA","421010281003","=""421010281003""","242"
"421010282001","PA","421010282001","=""421010282001""","176"
"421010282002","PA","421010282002","=""421010282002""","514"
"421010282003","PA","421010282003","=""421010282003""","376"
"421010283001","PA","421010283001","=""421010283001""","188"
"421010283002","PA","421010283002","=""421010283002""","221"
"421010283003","PA","421010283003","=""421010283003""","84"
"421010283004","PA","421010283004","=""421010283004""","357"
"421010283005","PA","421010283005","=""421010283005""","244"
"421010283006","PA","421010283006","=""421010283006""","112"
"421010283007","PA","421010283007","=""421010283007""","149"
"421010284001","PA","421010284001","=""421010284001""","316"
"421010284002","PA","421010284002","=""421010284002""","160"
"421010284003","PA","421010284003","=""421010284003""","271"
"421010284004","PA","421010284004","=""421010284004""","112"
"421010285001","PA","421010285001","=""421010285001""","527"
"421010286001","PA","421010286001","=""421010286001""","482"
"421010286002","PA","421010286002","=""421010286002""","130"
"421010286003","PA","421010286003","=""421010286003""","224"
"421010286004","PA","421010286004","=""421010286004""","148"
"421010286005","PA","421010286005","=""421010286005""","286"
"421010286006","PA","421010286006","=""421010286006""","226"
"421010287001","PA","421010287001","=""421010287001""","289"
"421010287002","PA","421010287002","=""421010287002""","281"
"421010288001","PA","421010288001","=""421010288001""","366"
"421010288002","PA","421010288002","=""421010288002""","253"
"421010288003","PA","421010288003","=""421010288003""","342"
"421010289011","PA","421010289011","=""421010289011""","428"
"421010289012","PA","421010289012","=""421010289012""","294"
"421010289013","PA","421010289013","=""421010289013""","172"
"421010289021","PA","421010289021","=""421010289021""","249"
"421010289022","PA","421010289022","=""421010289022""","287"
"421010289023","PA","421010289023","=""421010289023""","239"
"421010289024","PA","421010289024","=""421010289024""","333"
"421010289025","PA","421010289025","=""421010289025""","348"
"421010290001","PA","421010290001","=""421010290001""","16"
"421010290002","PA","421010290002","=""421010290002""","456"
"421010290003","PA","421010290003","=""421010290003""","620"
"421010290004","PA","421010290004","=""421010290004""","470"
"421010291001","PA","421010291001","=""421010291001""","250"
"421010291002","PA","421010291002","=""421010291002""","387"
"421010291003","PA","421010291003","=""421010291003""","368"
"421010291004","PA","421010291004","=""421010291004""","215"
"421010292001","PA","421010292001","=""421010292001""","571"
"421010292002","PA","421010292002","=""421010292002""","215"
"421010292003","PA","421010292003","=""421010292003""","179"
"421010293001","PA","421010293001","=""421010293001""","313"
"421010293002","PA","421010293002","=""421010293002""","320"
"421010294001","PA","421010294001","=""421010294001""","160"
"421010294002","PA","421010294002","=""421010294002""","314"
"421010294003","PA","421010294003","=""421010294003""","264"
"421010298001","PA","421010298001","=""421010298001""","334"
"421010298002","PA","421010298002","=""421010298002""","237"
"421010298003","PA","421010298003","=""421010298003""","66"
"421010298004","PA","421010298004","=""421010298004""","246"
"421010298005","PA","421010298005","=""421010298005""","116"
"421010299001","PA","421010299001","=""421010299001""","155"
"421010299002","PA","421010299002","=""421010299002""","94"
"421010299003","PA","421010299003","=""421010299003""","148"
"421010299004","PA","421010299004","=""421010299004""","495"
"421010300001","PA","421010300001","=""421010300001""","164"
"421010300002","PA","421010300002","=""421010300002""","196"
"421010300003","PA","421010300003","=""421010300003""","239"
"421010300004","PA","421010300004","=""421010300004""","208"
"421010300005","PA","421010300005","=""421010300005""","170"
"421010300006","PA","421010300006","=""421010300006""","185"
"421010300007","PA","421010300007","=""421010300007""","206"
"421010301001","PA","421010301001","=""421010301001""","164"
"421010301002","PA","421010301002","=""421010301002""","504"
"421010301003","PA","421010301003","=""421010301003""","172"
"421010301004","PA","421010301004","=""421010301004""","75"
"421010301005","PA","421010301005","=""421010301005""","393"
"421010302001","PA","421010302001","=""421010302001""","285"
"421010302002","PA","421010302002","=""421010302002""","433"
"421010302003","PA","421010302003","=""421010302003""","518"
"421010302004","PA","421010302004","=""421010302004""","338"
"421010302005","PA","421010302005","=""421010302005""","235"
"421010305011","PA","421010305011","=""421010305011""","254"
"421010305012","PA","421010305012","=""421010305012""","503"
"421010305013","PA","421010305013","=""421010305013""","588"
"421010305021","PA","421010305021","=""421010305021""","297"
"421010305022","PA","421010305022","=""421010305022""","336"
"421010305023","PA","421010305023","=""421010305023""","322"
"421010305024","PA","421010305024","=""421010305024""","434"
"421010305025","PA","421010305025","=""421010305025""","204"
"421010306001","PA","421010306001","=""421010306001""","224"
"421010306002","PA","421010306002","=""421010306002""","316"
"421010306003","PA","421010306003","=""421010306003""","157"
"421010306004","PA","421010306004","=""421010306004""","298"
"421010306005","PA","421010306005","=""421010306005""","71"
"421010306006","PA","421010306006","=""421010306006""","279"
"421010306007","PA","421010306007","=""421010306007""","303"
"421010307001","PA","421010307001","=""421010307001""","203"
"421010307002","PA","421010307002","=""421010307002""","250"
"421010307003","PA","421010307003","=""421010307003""","454"
"421010308001","PA","421010308001","=""421010308001""","172"
"421010308002","PA","421010308002","=""421010308002""","291"
"421010308003","PA","421010308003","=""421010308003""","451"
"421010308004","PA","421010308004","=""421010308004""","352"
"421010309001","PA","421010309001","=""421010309001""","389"
"421010309002","PA","421010309002","=""421010309002""","322"
"421010309003","PA","421010309003","=""421010309003""","294"
"421010310001","PA","421010310001","=""421010310001""","220"
"421010310002","PA","421010310002","=""421010310002""","271"
"421010310003","PA","421010310003","=""421010310003""","211"
"421010310004","PA","421010310004","=""421010310004""","313"
"421010310005","PA","421010310005","=""421010310005""","236"
"421010310006","PA","421010310006","=""421010310006""","266"
"421010310007","PA","421010310007","=""421010310007""","306"
"421010311011","PA","421010311011","=""421010311011""","368"
"421010311012","PA","421010311012","=""421010311012""","128"
"421010311013","PA","421010311013","=""421010311013""","211"
"421010311014","PA","421010311014","=""421010311014""","469"
"421010311021","PA","421010311021","=""421010311021""","160"
"421010311022","PA","421010311022","=""421010311022""","153"
"421010311023","PA","421010311023","=""421010311023""","260"
"421010311024","PA","421010311024","=""421010311024""","352"
"421010312001","PA","421010312001","=""421010312001""","366"
"421010312002","PA","421010312002","=""421010312002""","359"
"421010312003","PA","421010312003","=""421010312003""","390"
"421010313001","PA","421010313001","=""421010313001""","339"
"421010313002","PA","421010313002","=""421010313002""","490"
"421010313003","PA","421010313003","=""421010313003""","269"
"421010313004","PA","421010313004","=""421010313004""","382"
"421010313005","PA","421010313005","=""421010313005""","216"
"421010313006","PA","421010313006","=""421010313006""","194"
"421010314011","PA","421010314011","=""421010314011""","515"
"421010314012","PA","421010314012","=""421010314012""","480"
"421010314013","PA","421010314013","=""421010314013""","386"
"421010314014","PA","421010314014","=""421010314014""","169"
"421010314015","PA","421010314015","=""421010314015""","187"
"421010314021","PA","421010314021","=""421010314021""","299"
"421010314022","PA","421010314022","=""421010314022""","409"
"421010314023","PA","421010314023","=""421010314023""","490"
"421010315011","PA","421010315011","=""421010315011""","277"
"421010315012","PA","421010315012","=""421010315012""","479"
"421010315013","PA","421010315013","=""421010315013""","137"
"421010315014","PA","421010315014","=""421010315014""","285"
"421010315015","PA","421010315015","=""421010315015""","384"
"421010315021","PA","421010315021","=""421010315021""","403"
"421010315022","PA","421010315022","=""421010315022""","199"
"421010315023","PA","421010315023","=""421010315023""","335"
"421010316001","PA","421010316001","=""421010316001""","238"
"421010316002","PA","421010316002","=""421010316002""","133"
"421010316003","PA","421010316003","=""421010316003""","132"
"421010316004","PA","421010316004","=""421010316004""","201"
"421010316005","PA","421010316005","=""421010316005""","194"
"421010316006","PA","421010316006","=""421010316006""","270"
"421010316007","PA","421010316007","=""421010316007""","215"
"421010317001","PA","421010317001","=""421010317001""","228"
"421010317002","PA","421010317002","=""421010317002""","204"
"421010317003","PA","421010317003","=""421010317003""","159"
"421010317004","PA","421010317004","=""421010317004""","328"
"421010317005","PA","421010317005","=""421010317005""","254"
"421010318001","PA","421010318001","=""421010318001""","273"
"421010318002","PA","421010318002","=""421010318002""","143"
"421010318003","PA","421010318003","=""421010318003""","191"
"421010318004","PA","421010318004","=""421010318004""","204"
"421010319001","PA","421010319001","=""421010319001""","265"
"421010319002","PA","421010319002","=""421010319002""","261"
"421010319003","PA","421010319003","=""421010319003""","167"
"421010319004","PA","421010319004","=""421010319004""","130"
"421010319005","PA","421010319005","=""421010319005""","303"
"421010320001","PA","421010320001","=""421010320001""","189"
"421010320002","PA","421010320002","=""421010320002""","275"
"421010320003","PA","421010320003","=""421010320003""","272"
"421010320004","PA","421010320004","=""421010320004""","290"
"421010320005","PA","421010320005","=""421010320005""","291"
"421010320006","PA","421010320006","=""421010320006""","484"
"421010320007","PA","421010320007","=""421010320007""","281"
"421010321001","PA","421010321001","=""421010321001""","396"
"421010321002","PA","421010321002","=""421010321002""","194"
"421010321003","PA","421010321003","=""421010321003""","323"
"421010323001","PA","421010323001","=""421010323001""","159"
"421010323002","PA","421010323002","=""421010323002""","278"
"421010323003","PA","421010323003","=""421010323003""","313"
"421010325001","PA","421010325001","=""421010325001""","185"
"421010325002","PA","421010325002","=""421010325002""","540"
"421010325003","PA","421010325003","=""421010325003""","462"
"421010325004","PA","421010325004","=""421010325004""","177"
"421010326001","PA","421010326001","=""421010326001""","216"
"421010326002","PA","421010326002","=""421010326002""","184"
"421010326003","PA","421010326003","=""421010326003""","439"
"421010326004","PA","421010326004","=""421010326004""","327"
"421010326005","PA","421010326005","=""421010326005""","92"
"421010326006","PA","421010326006","=""421010326006""","248"
"421010326007","PA","421010326007","=""421010326007""","186"
"421010329001","PA","421010329001","=""421010329001""","108"
"421010329002","PA","421010329002","=""421010329002""","104"
"421010329003","PA","421010329003","=""421010329003""","163"
"421010329004","PA","421010329004","=""421010329004""","193"
"421010329005","PA","421010329005","=""421010329005""","239"
"421010330001","PA","421010330001","=""421010330001""","136"
"421010330002","PA","421010330002","=""421010330002""","138"
"421010330003","PA","421010330003","=""421010330003""","250"
"421010330004","PA","421010330004","=""421010330004""","524"
"421010330005","PA","421010330005","=""421010330005""","427"
"421010330006","PA","421010330006","=""421010330006""","212"
"421010330007","PA","421010330007","=""421010330007""","151"
"421010331011","PA","421010331011","=""421010331011""","374"
"421010331012","PA","421010331012","=""421010331012""","286"
"421010331013","PA","421010331013","=""421010331013""","285"
"421010331014","PA","421010331014","=""421010331014""","277"
"421010331021","PA","421010331021","=""421010331021""","220"
"421010331022","PA","421010331022","=""421010331022""","182"
"421010331023","PA","421010331023","=""421010331023""","247"
"421010331024","PA","421010331024","=""421010331024""","321"
"421010332001","PA","421010332001","=""421010332001""","470"
"421010332002","PA","421010332002","=""421010332002""","268"
"421010333001","PA","421010333001","=""421010333001""","209"
"421010333002","PA","421010333002","=""421010333002""","354"
"421010333003","PA","421010333003","=""421010333003""","304"
"421010334001","PA","421010334001","=""421010334001""","133"
"421010334002","PA","421010334002","=""421010334002""","326"
"421010334003","PA","421010334003","=""421010334003""","173"
"421010334004","PA","421010334004","=""421010334004""","590"
"421010335001","PA","421010335001","=""421010335001""","240"
"421010335002","PA","421010335002","=""421010335002""","509"
"421010335003","PA","421010335003","=""421010335003""","279"
"421010336001","PA","421010336001","=""421010336001""","96"
"421010336002","PA","421010336002","=""421010336002""","171"
"421010336003","PA","421010336003","=""421010336003""","899"
"421010336004","PA","421010336004","=""421010336004""","317"
"421010336005","PA","421010336005","=""421010336005""","218"
"421010337011","PA","421010337011","=""421010337011""","370"
"421010337012","PA","421010337012","=""421010337012""","155"
"421010337013","PA","421010337013","=""421010337013""","910"
"421010337021","PA","421010337021","=""421010337021""","202"
"421010337022","PA","421010337022","=""421010337022""","475"
"421010337023","PA","421010337023","=""421010337023""","161"
"421010337024","PA","421010337024","=""421010337024""","329"
"421010338001","PA","421010338001","=""421010338001""","711"
"421010338002","PA","421010338002","=""421010338002""","209"
"421010338003","PA","421010338003","=""421010338003""","119"
"421010338004","PA","421010338004","=""421010338004""","199"
"421010338005","PA","421010338005","=""421010338005""","314"
"421010339001","PA","421010339001","=""421010339001""","172"
"421010339002","PA","421010339002","=""421010339002""","322"
"421010339003","PA","421010339003","=""421010339003""","119"
"421010340001","PA","421010340001","=""421010340001""","348"
"421010340002","PA","421010340002","=""421010340002""","267"
"421010340003","PA","421010340003","=""421010340003""","161"
"421010341001","PA","421010341001","=""421010341001""","222"
"421010341002","PA","421010341002","=""421010341002""","283"
"421010341003","PA","421010341003","=""421010341003""","280"
"421010341004","PA","421010341004","=""421010341004""","257"
"421010341005","PA","421010341005","=""421010341005""","246"
"421010341006","PA","421010341006","=""421010341006""","113"
"421010342001","PA","421010342001","=""421010342001""","446"
"421010342002","PA","421010342002","=""421010342002""","500"
"421010344001","PA","421010344001","=""421010344001""","377"
"421010344002","PA","421010344002","=""421010344002""","366"
"421010344003","PA","421010344003","=""421010344003""","678"
"421010344004","PA","421010344004","=""421010344004""","636"
"421010345011","PA","421010345011","=""421010345011""","455"
"421010345012","PA","421010345012","=""421010345012""","449"
"421010345021","PA","421010345021","=""421010345021""","434"
"421010345022","PA","421010345022","=""421010345022""","682"
"421010345023","PA","421010345023","=""421010345023""","396"
"421010346001","PA","421010346001","=""421010346001""","552"
"421010347011","PA","421010347011","=""421010347011""","643"
"421010347012","PA","421010347012","=""421010347012""","578"
"421010347013","PA","421010347013","=""421010347013""","404"
"421010347021","PA","421010347021","=""421010347021""","531"
"421010347022","PA","421010347022","=""421010347022""","262"
"421010347023","PA","421010347023","=""421010347023""","187"
"421010348011","PA","421010348011","=""421010348011""","405"
"421010348012","PA","421010348012","=""421010348012""","403"
"421010348013","PA","421010348013","=""421010348013""","407"
"421010348021","PA","421010348021","=""421010348021""","618"
"421010348022","PA","421010348022","=""421010348022""","361"
"421010348023","PA","421010348023","=""421010348023""","378"
"421010348031","PA","421010348031","=""421010348031""","331"
"421010348032","PA","421010348032","=""421010348032""","600"
"421010348033","PA","421010348033","=""421010348033""","173"
"421010349001","PA","421010349001","=""421010349001""","212"
"421010349002","PA","421010349002","=""421010349002""","495"
"421010349003","PA","421010349003","=""421010349003""","215"
"421010349004","PA","421010349004","=""421010349004""","162"
"421010351001","PA","421010351001","=""421010351001""","443"
"421010351002","PA","421010351002","=""421010351002""","484"
"421010352001","PA","421010352001","=""421010352001""","511"
"421010352002","PA","421010352002","=""421010352002""","252"
"421010352003","PA","421010352003","=""421010352003""","379"
"421010353011","PA","421010353011","=""421010353011""","751"
"421010353012","PA","421010353012","=""421010353012""","507"
"421010353013","PA","421010353013","=""421010353013""","171"
"421010353021","PA","421010353021","=""421010353021""","469"
"421010353022","PA","421010353022","=""421010353022""","653"
"421010355001","PA","421010355001","=""421010355001""","573"
"421010355002","PA","421010355002","=""421010355002""","576"
"421010355003","PA","421010355003","=""421010355003""","517"
"421010356011","PA","421010356011","=""421010356011""","424"
"421010356012","PA","421010356012","=""421010356012""","462"
"421010356013","PA","421010356013","=""421010356013""","164"
"421010356014","PA","421010356014","=""421010356014""","294"
"421010356021","PA","421010356021","=""421010356021""","404"
"421010356022","PA","421010356022","=""421010356022""","595"
"421010357011","PA","421010357011","=""421010357011""","664"
"421010357012","PA","421010357012","=""421010357012""","639"
"421010357021","PA","421010357021","=""421010357021""","418"
"421010357022","PA","421010357022","=""421010357022""","568"
"421010358001","PA","421010358001","=""421010358001""","722"
"421010358002","PA","421010358002","=""421010358002""","377"
"421010358003","PA","421010358003","=""421010358003""","521"
"421010359001","PA","421010359001","=""421010359001""","735"
"421010359002","PA","421010359002","=""421010359002""","700"
"421010360001","PA","421010360001","=""421010360001""","712"
"421010361001","PA","421010361001","=""421010361001""","285"
"421010361002","PA","421010361002","=""421010361002""","252"
"421010361003","PA","421010361003","=""421010361003""","475"
"421010362011","PA","421010362011","=""421010362011""","391"
"421010362012","PA","421010362012","=""421010362012""","187"
"421010362013","PA","421010362013","=""421010362013""","390"
"421010362014","PA","421010362014","=""421010362014""","289"
"421010362021","PA","421010362021","=""421010362021""","306"
"421010362022","PA","421010362022","=""421010362022""","423"
"421010362023","PA","421010362023","=""421010362023""","344"
"421010362024","PA","421010362024","=""421010362024""","432"
"421010362031","PA","421010362031","=""421010362031""","349"
"421010362032","PA","421010362032","=""421010362032""","263"
"421010362033","PA","421010362033","=""421010362033""","592"
"421010363011","PA","421010363011","=""421010363011""","504"
"421010363012","PA","421010363012","=""421010363012""","458"
"421010363021","PA","421010363021","=""421010363021""","364"
"421010363022","PA","421010363022","=""421010363022""","454"
"421010363031","PA","421010363031","=""421010363031""","642"
"421010363032","PA","421010363032","=""421010363032""","328"
"421010363033","PA","421010363033","=""421010363033""","421"
"421010363034","PA","421010363034","=""421010363034""","390"
"421010364001","PA","421010364001","=""421010364001""","189"
"421010365011","PA","421010365011","=""421010365011""","362"
"421010365012","PA","421010365012","=""421010365012""","448"
"421010365013","PA","421010365013","=""421010365013""","236"
"421010365021","PA","421010365021","=""421010365021""","738"
"421010365022","PA","421010365022","=""421010365022""","367"
"421010366001","PA","421010366001","=""421010366001""","576"
"421010367001","PA","421010367001","=""421010367001""","391"
"421010367002","PA","421010367002","=""421010367002""","308"
"421010369001","PA","421010369001","=""421010369001""","0"
"421010369002","PA","421010369002","=""421010369002""","6"
"421010369003","PA","421010369003","=""421010369003""","97"
"421010372001","PA","421010372001","=""421010372001""","223"
"421010372002","PA","421010372002","=""421010372002""","433"
"421010372003","PA","421010372003","=""421010372003""","170"
"421010372004","PA","421010372004","=""421010372004""","348"
"421010373001","PA","421010373001","=""421010373001""","590"
"421010373002","PA","421010373002","=""421010373002""","595"
"421010373003","PA","421010373003","=""421010373003""","346"
"421010375001","PA","421010375001","=""421010375001""","343"
"421010375002","PA","421010375002","=""421010375002""","390"
"421010376001","PA","421010376001","=""421010376001""","97"
"421010376002","PA","421010376002","=""421010376002""","304"
"421010377001","PA","421010377001","=""421010377001""","94"
"421010377002","PA","421010377002","=""421010377002""","384"
"421010377003","PA","421010377003","=""421010377003""","128"
"421010378001","PA","421010378001","=""421010378001""","230"
"421010378002","PA","421010378002","=""421010378002""","61"
"421010378003","PA","421010378003","=""421010378003""","156"
"421010379001","PA","421010379001","=""421010379001""","85"
"421010379002","PA","421010379002","=""421010379002""","245"
"421010379003","PA","421010379003","=""421010379003""","325"
"421010379004","PA","421010379004","=""421010379004""","279"
"421010379005","PA","421010379005","=""421010379005""","152"
"421010379006","PA","421010379006","=""421010379006""","261"
"421010380001","PA","421010380001","=""421010380001""","251"
"421010380002","PA","421010380002","=""421010380002""","281"
"421010381001","PA","421010381001","=""421010381001""","135"
"421010381002","PA","421010381002","=""421010381002""","40"
"421010382001","PA","421010382001","=""421010382001""","199"
"421010382002","PA","421010382002","=""421010382002""","254"
"421010382003","PA","421010382003","=""421010382003""","175"
"421010383001","PA","421010383001","=""421010383001""","295"
"421010383002","PA","421010383002","=""421010383002""","265"
"421010383003","PA","421010383003","=""421010383003""","125"
"421010384001","PA","421010384001","=""421010384001""","356"
"421010384002","PA","421010384002","=""421010384002""","277"
"421010385001","PA","421010385001","=""421010385001""","172"
"421010385002","PA","421010385002","=""421010385002""","305"
"421010386001","PA","421010386001","=""421010386001""","377"
"421010387001","PA","421010387001","=""421010387001""","214"
"421010387002","PA","421010387002","=""421010387002""","284"
"421010388001","PA","421010388001","=""421010388001""","175"
"421010388002","PA","421010388002","=""421010388002""","265"
"421010388003","PA","421010388003","=""421010388003""","160"
"421010388004","PA","421010388004","=""421010388004""","314"
"421010389001","PA","421010389001","=""421010389001""","105"
"421010389002","PA","421010389002","=""421010389002""","294"
"421010389003","PA","421010389003","=""421010389003""","294"
"421010390001","PA","421010390001","=""421010390001""","270"
"421010390002","PA","421010390002","=""421010390002""","301"
"421010390003","PA","421010390003","=""421010390003""","236"
"421010390004","PA","421010390004","=""421010390004""","136"
"421010390005","PA","421010390005","=""421010390005""","205"
"421010390006","PA","421010390006","=""421010390006""","265"
"421010390007","PA","421010390007","=""421010390007""","238"
"421010390008","PA","421010390008","=""421010390008""","165"
"421019800001","PA","421019800001","=""421019800001""","11"
"421019801001","PA","421019801001","=""421019801001""","8"
"421019802001","PA","421019802001","=""421019802001""","49"
"421019803001","PA","421019803001","=""421019803001""","0"
"421019804001","PA","421019804001","=""421019804001""","0"
"421019805001","PA","421019805001","=""421019805001""","0"
"421019806001","PA","421019806001","=""421019806001""","0"
"421019807001","PA","421019807001","=""421019807001""","0"
"421019808001","PA","421019808001","=""421019808001""","0"
"421019809001","PA","421019809001","=""421019809001""","0"
"421019891001","PA","421019891001","=""421019891001""","0"

"Location: United States"

"Block Group Boundary Year: 2010"

"Indicator source: Census"
"http://www.policymap.com/our-data-directory.html#Census:%20Decennial%20Census%20and%20American%20Community%20Survey%20(ACS)"

"When using PolicyMap data in your work, please consult the Terms of Use and the instructions for Citing Us:"
"https://www.policymap.com/terms/"
"https://www.policymap.com/citing/"